Would an idiot do that,"Before I do anything I ask myself, 'Would an idiot do that?' And if the answer is yes, I do not do that thing."
justin bieber,Who is Justice Beaver?
is he gay,Jim told me you could buy gay-dar online.
is she gay,Jim told me you could buy gay-dar online.
powerpoint,"Powerpoints are the peacocks of the business world; all show, no meat."
walked in on,I love catching people in the act. That's why I always whip open doors.
Civil War history,The Civil War history industry has conveniently forgotten about the battle of Schrute Farms. Whatever. I'm over it. It's just grossly irresponsible.
what is bread,Bread is the paper of the food industry. You write your sandwich on it.
snowball fight,"In the end, the greatest snowball isn't a snowball at all. It's fear. Merry Christmas."
describe yourself,"Three words: hardworking, alpha male, jackhammer, merciless, insatiable."
menstruate,"I wish I could menstruate. If I could menstruate, I wouldn't have to deal with idiotic calendars anymore. I'd just be able to count down from my previous cycle. Plus, I'd be more in tune with the moon and the tides."
power of nostalgia,"People underestimate the power of nostalgia. Nostalgia is truly one of the greatest human weaknesses, second only to the neck."
pretty smile,"When someone smiles at me, all I see is a chimpanzee begging for its life."
shun Andy ,Yes. I have decided to shun Andy for the next three years. Which I'm looking forward to. It's an Amish technique. It's like slapping someone with silence.
stresses me out,Nothing stresses me out. Except having to seek the approval of my inferiors.
perfect Valentine's day,"I'm at home, three cell phones in front of me, fielding desperate calls from people who want to buy one of the fifty restaurant reservations I made over six months ago."
when i die,"When I die, I want to be frozen. And if they have to freeze me in pieces, so be it. I will wake up stronger than ever, because I will have used that time, to figure out exactly why I died. And what moves I could have used to defend myself better now that I know what hold he had me in."
follow the rules,"You better learn your rules. If you don't, you'll be eaten in your sleep"
fast snake,I am faster than 80% of all snakes.
All you need is love,"All you need is love? False. The four basic human necessities are air, water, food and shelter."
undivided attention,You couldn't handle my undivided attention.
circumcision,Growing up I performed my own circumcision.
i'm so excited,You think you're excited? You should feel my nipples. Boing!
I am fast,I am fast. To give you a reference point I am somewhere between a snake and a mongoose... And a panther.
high cholesterol,"Through concentration, I can raise and lower my cholesterol at will."
i can't garden,"Those who can't farm, farm celery."
i puked,A real man swallows his vomit when a lady is present.
my one cousin,"Congratulations on your one cousin. I have seventy, each one better than the last!"
from the grave,The hand that reaches from the grave to grip your throat is the strong hand you want on the wheel.
yeast infections,There are a huge number of yeast infections in this county. Probably because we're downriver from that old bread factory.
pretty eyes,The eyes are the groin of the head.
security in this office,Security in this office park is a joke. Last year I came to work with my spud-gun in a duffel bag. I sat at my desk all day with a rifle that shoots potatoes at 60 pounds per square inch. Can you imagine if I was deranged?
girlfriend cheating,"As a volunteer Sheriff's Deputy, I've been doing surveillance for years. One time I suspected an ex-girlfriend of mine of cheating on me, so I tailed her for six nights straight. Turns out... she was. With a couple of guys actually, so... mystery solved."
dolphins,"Dolphins get a lot of good publicity for the drowning swimmers they push back to shore, but what you don't hear about is the many people they push farther out to sea! Dolphins aren't smart. They just like pushing things."
no tip,"Why tip someone for a job I'm capable of doing myself? I can deliver food. I can drive a taxi. I can, and do, cut my own hair. I did however, tip my urologist, because I am unable to pulverize my own kidney stones."
my feelings,"Fortunately, my feelings regenerate at twice the speed of a normal man's."
twitter account,I really should have a Tweeter account.
ben franklin,I don't care what Jim says. This is NOT the real Ben Franklin. I am 99.9% sure.
perfect crime,"What is my perfect crime? I break into Tiffany's at midnight. Do I go for the vault? No, I go for the chandelier. It's priceless. As I'm taking it down, a woman catches me. She tells me to stop. It's her father's business. She's Tiffany. I say no. We make love all night. In the morning, the cops come, and I escape in one of their uniforms. I tell her to meet me in Mexico, but I go to Canada. I don't trust her. Besides, I like the cold. Thirty years later, I get a postcard. I have a son, and he's the chief of police. This is where the story gets interesting. I tell Tiffany to meet me in Paris by the Trocadero. She's been waiting for me all these years. She's never taken another lover. I don't care. I don't show up. I go to Berlin. That's where I stashed the chandelier."
invisible ink,"When held over heat, the invisible ink will reveal that everyone should meet at the warehouse immediately. Do not ask me where I got the invisible ink. Urine. It was urine."
I love shrimp,"Oh, you know that line on the top of the shrimp? That's feces."
